Country,Current_FB,Projected_FB_2029,FB_Change,Current_Debt,Projected_Debt_2029,Debt_Change,Crisis_Risk
Togo,-5.945821854912765,-6.048855186955177,-0.10303333204241216,68.15886134067954,64.04459904056839,-4.11426230011115,HIGH
Ghana,0.5980135133105063,0.8031780477090904,0.20516453439858406,16.06078613283695,6.08267788629554,-9.978108246541408,MODERATE
Nigeria,-1935.318454104929,-2642.8667536864546,-707.5482995815255,122289.51317170063,168980.89006563625,46691.37689393562,HIGH
Egypt,-11794.414148698055,-12145.070565767634,-350.6564170695783,1885.8378912414564,131.87220735075107,-1753.9656838907053,HIGH
